# Open,High,Low,Volume,Close
318.102661,319.920868,316.877258,2879800,319.8013
322.50119,328.842407,322.132568,6560200,328.772675
328.394104,335.168701,328.269562,7350800,333.081543
333.888489,335.866089,330.810028,4839400,332.523621
332.508667,336.060364,332.294464,3448200,335.17868
335.801331,337.360504,334.595856,4371600,337.305695
336.48877,338.16748,335.074066,3529300,336.508698
335.298218,337.7341,329.848633,4461000,333.504944
332.443909,339.029236,332.105194,3832600,337.325623
335.876068,338.969452,334.247162,3581700,337.136322
336.538574,338.954529,335.781403,2863800,338.047913
330.257111,334.7453,328.38913,5246900,333.360474
331.258362,337.5448,331.128845,4132600,337.360504
337.420258,343.208557,336.812531,6002900,342.720398
340.842438,342.41156,338.820007,3265900,339.56723
340.7229,343.004333,338.750275,4270000,341.265839
340.996857,341.221008,335.492493,3793200,339.248413
338.730347,341.968231,338.301971,3429100,339.08902
341.699219,348.638214,341.086517,6109700,348.394135
348.693024,354.795135,347.532349,6490100,351.756531
353.554779,355.074097,347.891022,5139100,349.076569
347.676819,349.016785,344.209808,3761500,344.802582
343.417786,346.157532,339.168701,5304300,344.150055
345.250916,353.176208,343.980682,5337900,351.701721
353.475098,355.168732,352.184937,5256500,353.514954
352.73288,355.108978,351.183685,3027800,353.664368
352.568481,357.988159,352.070343,4149000,357.798889
357.410339,362.919678,356.867371,6219700,362.391663
360.882324,364.324432,359.263397,5836500,362.7005
364.737885,366.087799,363.696777,12765800,365.624542
364.135132,373.619568,363.761536,7154200,373.290802
375.118958,381.016846,372.434021,12162400,373.181213
373.524933,379.198669,369.116455,11388200,375.323212
378.556091,379.995697,374.42157,7891600,376.837524
375.666901,378.2323,374.172516,5587700,375.841248
378.107758,381.071655,376.693054,6359700,379.467651
381.171265,381.564789,373.734161,5601200,377.081604
376.448975,380.533661,374.695557,4433100,379.826324
379.950836,383.507507,378.282104,4926700,382.590942
383.915985,385.744141,381.07663,5492200,382.391693
379.079132,380.364288,375.666901,3931800,377.505005
378.416595,379.238525,369.878601,6028900,370.655701
369.544861,372.369263,367.76651,4095000,370.889801
375.04425,377.833801,373.74411,4785600,374.336884
374.52121,376.025574,370.660675,4826400,370.984467
369.584717,370.526184,363.985687,6060700,369.106506
368.683075,372.100281,366.85495,4131800,370.959564
370.585968,376.757813,368.747833,4602900,376.334412
376.359314,378.292053,336.737823,24977900,346.202362
351.472595,352.030518,334.7453,23050400,339.622009
339.233459,341.036713,333.599579,8141500,338.067841
334.750275,342.381683,334.7453,5855000,338.904694
342.117645,342.217285,336.374176,5011600,337.385406
338.730347,339.726624,335.497467,4820100,337.614532
336.986877,340.239685,334.346771,3916200,336.314423
338.660614,339.228485,336.239685,3085400,338.879791
338.481293,344.160004,338.092743,4115500,342.511169
346.097748,346.476318,342.401581,4666100,342.675568
340.971954,342.147552,336.518646,3283900,340.204834
341.460114,341.968231,337.509918,3177300,339.587158
336.239685,337.848663,332.00058,4481200,332.314392
333.848663,334.491241,324.399078,5213300,324.927094
326.102692,332.922119,323.935822,6251500,330.277039
330.635681,333.649414,329.20108,2822300,331.706696
330.262085,332.553497,327.886017,3200200,328.294464
329.096466,329.853638,324.035431,3349200,325.05661
323.786377,328.7677,320.747772,3711500,322.421478
321.788849,325.290741,316.8125,6902000,322.381622
326.625732,333.211029,326.541046,4754100,332.857361
333.504944,337.7341,331.044159,4192900,333.73407
333.245911,333.649414,328.966949,4240200,331.691742
333.73407,333.749023,331.806305,1851800,332.737823
331.975677,332.254639,328.279541,4425700,329.340546
328.852386,336.239685,327.771423,5036100,334.102692
332.757751,341.176178,330.705444,6106700,340.558502
342.605835,345.654388,339.726624,5573700,344.653168
344.364227,348.304474,341.564728,6350800,347.881042
349.808838,351.627014,345.759003,4401300,346.326874
346.202362,346.45639,341.569702,3998200,344.224762
344.782684,345.953278,339.890991,3738700,342.625763
342.511169,346.506195,340.976929,2935500,344.274567
346.202362,347.138824,339.935852,3852900,340.827484
341.415283,344.5336,340.618286,2743600,341.430237
343.71167,349.649414,342.575928,5395200,347.138824
348.309448,350.441467,345.44519,4870100,347.47757
356.623291,356.897247,348.468842,6915500,350.037964
348.279572,352.588409,347.91095,4276100,349.669342
351.432739,359.612091,350.695496,6093400,359.04422
356.962006,363.18869,356.189911,6032300,359.18866
359.009338,360.150055,357.001862,3851500,358.71048
360.279572,360.971985,357.146332,3326400,359.831268
355.651917,358.067871,353.93338,7078300,356.478821
355.920929,356.254669,352.414063,1688000,353.425262
352.712952,355.108978,349.893524,2373500,353.11145
352.249695,353.096497,348.00061,3307000,351.826263
349.534851,352.135101,348.697998,2814500,348.697998
348.693024,353.958282,346.70047,4009600,352.369232
358.36676,362.142609,356.937103,5101500,360.274597
361.111481,364.598389,359.014313,4653700,360.483826
363.308228,369.350586,362.481323,5547600,367.607117
366.351837,368.309479,363.925903,3323800,366.003143
366.396667,366.775238,360.862396,3364700,365.280823
364.767761,367.796417,362.939606,4064500,367.681824
370.028046,371.108978,365.380463,3685000,369.35556
369.614594,369.828796,366.775238,2579900,368.613342
367.123932,369.714233,359.826294,5749200,360.274597
358.32193,366.127655,354.720428,7884700,361.111481
359.851196,360.817566,355.502502,4061900,356.259644
357.514954,358.476349,354.182434,4439500,354.331879
353.853668,355.054169,349.35553,6477700,350.939606
351.014313,351.353027,346.461365,7613100,350.12265
366.620819,373.101532,366.521179,11862400,369.36554
369.236023,377.001892,368.872375,6790600,375.696808
373.983215,377.823822,373.724182,4468400,375.427795
374.476379,376.389191,372.548584,3266300,373.963287
371.980713,377.061676,371.876129,3507200,375.4328
375.462677,379.054199,375.049225,3478900,375.507507
373.853699,377.395416,373.724182,3280500,376.434021
377.684357,386.850006,377.634521,7520100,386.351868
382.411621,383.796448,377.719208,6103700,378.092804
379.14389,384.115234,378.316986,3755300,381.440277
378.117737,385.036774,377.833801,4171700,383.647003
383.412872,387.950867,381.320709,5701600,385.529938
388.608398,391.86618,388.324463,6062700,391.218628
387.746643,390.038055,385.430298,4351800,389.749115
389.415375,392.478882,388.229828,3731900,388.892334
388.608398,391.208649,388.528687,2405200,389.968292
388.409149,392.897339,387.4328,3483500,392.439056
392.229828,395.148895,392.06543,5480000,394.964569
396.508789,401.993225,396.155121,5885500,401.918518
401.146393,402.974548,394.416626,5549000,394.750366
397.51004,401.22113,394.13269,7039000,396.279633
398.137695,399.128967,395.417877,4123100,398.361847
399.652008,402.695587,393.769043,4625000,393.908539
396.015625,396.488861,390.735413,4421500,393.589722
395.916016,400.872437,394.077911,4067300,398.396698
399.05426,401.988251,399.019379,4548500,399.104065
397.4104,402.062958,396.588501,4367000,401.589752
401.146393,409.883667,400.996979,5571900,409.216156
412.917297,418.506348,412.902344,8118400,417.734222
418.944702,420.424133,412.857513,5767400,414.137695
415.472717,416.747925,413.241058,4120700,414.745422
415.691895,415.901093,410.984528,5845600,414.207458
414.292145,418.282166,414.197479,3201200,415.851288
413.803955,414.391754,410.297119,4031600,412.259735
412.404205,413.794006,409.619659,3294800,411.114044
411.950897,411.950897,407.168823,3314700,409.236084
407.721771,408.618408,405.151398,6222500,405.629608
400.996979,404.862488,399.238556,3690300,402.386749
404.105316,408.095367,401.719269,4212000,404.145172
406.889862,407.228607,404.204926,2938500,405.833832
404.130219,406.934723,403.412903,2966200,404.115265
405.848785,406.097839,403.308289,2987400,403.642059
404.688141,408.085388,401.903564,3436800,403.308289
405.23111,405.480164,402.386749,2392600,404.693115
401.833832,401.993225,399.168823,4342500,399.831329
400.493866,401.181274,395.168823,4592600,395.612152
396.02063,399.627106,395.14389,3628100,399.099091
400.767822,405.893616,400.49884,4098200,405.001953
405.211182,405.579773,398.840057,3489900,401.594727
400.623352,401.370575,394.172546,4913400,396.050507
391.562317,392.025604,386.750366,6893400,390.062958
387.92099,388.319489,382.765289,5685300,385.978271
386.302032,390.411652,385.111511,4330700,387.373016
389.998199,394.695587,386.551117,3971900,393.614624
394.959595,395.069183,390.566071,4072500,393.719238
394.516266,394.571045,390.003174,3285500,393.549866
391.507538,397.011902,387.059204,4924500,389.505035
391.826324,396.513763,390.496338,3496900,395.203674
391.906036,393.94339,387.597198,4089100,389.818878
391.208649,391.4328,379.208618,6669800,381.524963
383.14389,400.219879,381.69931,11649800,398.441528
398.805176,400.478912,386.052979,5788300,398.561096
399.004425,406.227356,398.685638,4601600,402.441559
402.546173,407.472687,402.491364,3671800,405.206177
406.600952,406.710541,402.307068,3999200,403.039307
402.292114,402.361847,396.802673,4993900,399.213654
400.125244,409.813904,400.000702,4618800,408.000702
407.970825,412.274689,407.313293,4630600,410.745422
410.092865,410.82016,406.655762,2920800,408.683167
408.518768,415.716797,407.995728,4051600,413.256012
416.917297,421.818909,416.439087,5044000,421.280945
422.546204,429.315826,422.546204,4298500,429.166382
429.893646,430.322052,423.746704,3932600,427.014435
426.899872,435.30835,424.862518,4955000,435.183838
433.794037,438.187561,432.493896,4417600,434.112823
436.020691,438.625916,434.451569,3809500,438.471497
437.804016,439.587311,435.059296,2907700,437.126556
437.111603,442.685699,436.932281,3170300,441.893677
446.078003,456.479004,445.340759,8001600,456.234924
457.784119,458.272278,449.320831,6443200,450.247375
453.310883,455.039398,448.578613,5604800,452.892456
450.810242,458.581116,450.810242,4562300,452.568665
452.314606,454.127808,447.129059,3980700,451.791565
449.594818,452.957214,441.784088,5140300,443.049347
436.862518,443.318329,435.368134,4567200,439.746735
435.995789,437.769135,433.878723,4610700,435.029388
440.100403,444.404266,438.556183,4531900,438.989563
436.21994,437.355682,430.53125,4041800,432.533752
433.335754,437.80899,431.587311,4257200,433.754181
432.439117,436.862518,432.140228,3953500,433.983337
434.869995,435.35318,425.913574,4969900,432.195038
432.304626,433.669495,425.440338,3751100,427.945953
429.644592,433.101624,426.96463,4229300,428.244843
430.536255,431.547455,422.028137,5177400,430.705597
433.584808,438.356934,431.044342,5369200,438.222443
439.403015,443.836395,438.401764,4693000,443.447845
440.334503,441.843872,438.117828,3528300,438.262299
441.076721,441.345734,433.201263,4426100,434.361908
432.867493,438.187561,431.134003,4155200,436.862518
438.406738,440.698151,435.432892,4506700,435.8862
437.973358,443.054321,437.500153,4308500,441.470276
442.665771,448.817719,442.516327,4350000,448.628418
449.002045,453.71936,447.074249,5853600,448.658325
445.325806,448.817719,440.005737,6769200,440.718079
442.511353,443.278473,434.904877,7994300,438.82019
434.312103,436.523804,430.013214,6056300,433.270996
436.992035,438.19754,430.640839,5125500,431.482697
435.243591,437.360657,433.659546,3676400,435.193787
437.759186,440.693176,436.688171,3867300,436.8974
435.816467,439.273499,435.462769,4716100,438.541229
441.569885,444.37439,440.847595,3462400,442.282227
443.437897,443.836395,436.99704,3797000,439.507629
438.307129,442.924805,437.609741,2101700,441.559937
443.343231,446.033173,442.013214,3416500,445.076752
447.926056,451.442871,446.865051,3953700,450.855072
453.799042,454.770416,447.313354,3973500,450.92981
450.038147,453.868774,448.508881,3429500,451.303406
454.795319,458.68573,452.56369,5187700,458.401794
458.282257,459.776642,455.911133,5155600,459.776642
460.424225,462.267303,456.469055,3935600,460.6185
461.833923,462.25235,455.243622,3980700,458.087982
458.780365,461.699432,456.439148,3023400,457.559967
457.779144,458.282257,449.90863,7296100,453.639648
441.649597,449.789093,436.170135,14773700,446.625946
449.315857,454.63092,446.825195,5828100,453.649597
453.649597,454.795319,448.105377,4106600,450.212494
451.936035,453.450348,448.668274,4172500,449.76416
445.266022,446.750458,441.38559,6024600,442.192566
441.838867,443.333282,439.35321,3568600,441.021942
440.797791,445.739258,438.800262,3797800,439.487701
441.076721,446.132782,438.790314,3524300,443.796539
444.827667,446.581116,441.435394,4363200,442.217468
445.828918,450.58609,445.828918,4292700,450.421722
450.033173,451.806519,448.728058,3440600,451.592316
451.004517,451.069275,447.921082,2629100,450.810242
450.655823,453.156464,446.192566,3023400,446.610992
445.848846,447.547485,442.884949,2768600,443.662048
446.072998,446.247345,440.992065,2987000,444.6633
443.617218,446.087952,443.338257,2657200,443.54248
441.794037,441.843872,439.178864,2764200,441.101654
441.759186,442.591064,436.46402,2850200,438.979584
437.544983,438.471497,431.960907,4179900,433.280945
430.605988,430.845093,427.39801,3752300,428.224915
429.031891,429.609711,426.670746,3362700,426.855042
427.25354,434.371857,427.124023,3635300,431.20871
432.55368,434.426666,430.157654,2475100,431.094147
433.699402,436.817688,431.632141,3527700,433.04184
434.720551,435.74173,433.500122,1746200,435.223663
437.27597,437.360657,433.251068,2162200,433.480225
433.37561,435.816467,431.40799,2112800,431.577332
428.204987,430.252319,422.366852,3481100,423.487671
423.537476,426.107849,422.302094,2669700,422.690643
422.949677,428.583557,422.710571,2968000,426.117798
426.282196,427.417938,421.201233,3737100,421.868744
425.584808,431.477722,425.380554,4110400,428.583557
428.568634,435.11908,425.988281,4097600,434.187561
435.11908,438.29715,434.177582,2592100,438.137756
439.572388,440.239868,435.238617,3134800,438.147705
440.214966,443.213715,439.562408,2478300,442.366913
443.348236,444.334534,440.349457,2584700,442.675751
442.610992,446.810242,441.38559,3233200,446.421692
447.024445,447.273499,443.343231,2199100,444.862549
445.579865,446.167664,440.767883,2660600,442.875
446.426697,446.825195,440.782837,2682900,442.222443
442.048096,442.536255,438.855072,2528200,441.400513
441.520081,450.29718,439.8862,3883800,449.973389
451.303406,451.303406,446.028168,3207600,447.517609
447.517609,450.376892,446.137756,8723000,449.868774
446.401764,449.111633,440.947235,3568000,441.594788
441.594788,443.388062,439.054321,2984600,441.76416
441.61969,441.61969,436.165161,3310200,436.977112
437.510101,439.726807,435.866272,2529200,437.445343
435.776611,437.121552,434.028168,2527000,436.558685
432.917328,438.77536,432.533752,3457600,436.31958
438.481476,442.177612,438.381836,3382100,441.843872
439.716827,443.01944,437.270996,3001700,442.337006
442.34198,445.380615,434.421692,4249800,436.409241
435.866272,437.116577,433.37561,2726100,434.546204
432.105377,435.363159,430.441589,2596800,431.253571
431.044342,431.373108,424.224915,3901800,425.241089
426.541229,429.714325,419.916046,5322400,426.332001
430.307098,432.792786,428.498871,4527400,432.498901
431.39801,435.1091,431.034363,2828300,434.366882
431.711853,436.488922,431.079224,2496400,436.419189
436.244843,441.161407,435.368134,3195600,439.358185
441.280975,447.487701,440.354431,4030200,447.338257
444.827667,446.775391,441.211243,8545000,442.735504
486.466614,505.834015,485.181427,23219400,503.816559
503.841492,507.597412,497.908722,7283700,499.776703
500.623535,504.608612,496.035736,4433700,501.619812
498.631012,515.442993,498.446686,5346300,513.779236
514.008362,518.342102,510.486572,4199700,510.860168
512.489075,512.489075,503.482819,4076100,505.704498
505.704498,509.804138,504.603607,2326000,505.604858
507.647217,516.533875,504.857666,3222000,516.185181
516.778015,516.81781,511.08432,2658000,513.286072
512.543884,518.815369,510.07312,3292200,513.365784
513.968506,516.065674,510.636017,2576100,511.602386
513.824036,514.257446,509.10675,2286000,511.13913
508.269867,513.898804,506.810364,2371500,508.852692
510.885071,511.582458,505.789185,1832600,509.465393
509.39566,510.053192,501.938599,3371700,502.093018
502.491547,507.348328,502.367004,2591100,506.11795
502.870117,506.068146,502.11795,2233500,503.408112
501.968506,506.880096,500.623535,2445200,504.000885
501.49527,514.496521,501.370728,3170500,514.307251
515.029541,517.933655,513.251221,2342100,515.682068
515.502747,517.061951,513.231262,2562100,514.85022
515.941101,522.411865,512.698303,3532500,513.848938
513.933655,515.442993,509.614838,2271600,510.685822
513.051941,514.75061,508.274872,1934500,509.246216
511.582458,517.21637,511.08432,2191700,515.104248
514.780457,516.15033,512.688293,2517700,514.018311
516.643494,524.62854,515.577515,3238000,521.012146
522.342163,528.768066,519.522705,4589600,527.228821
529.032043,532.00592,528.020874,2255500,529.570068
529.096802,531.318481,527.746887,2394400,527.816589
529.769287,531.184021,523.418091,2756600,525.271179
523.512756,529.734436,522.551331,3364700,524.663452
523.721985,530.003418,523.03949,2392000,527.114258
526.626099,527.851501,523.582458,2275800,526.695801
532.897583,533.002197,528.060669,2868200,532.937439
533.4953,539.134216,532.015869,2976200,537.057007
536.065674,544.11554,535.81665,3721600,540.30481
541.669678,543.622375,535.577515,3436400,536.633545
537.769287,539.447998,532.504028,3204800,532.982239
535.692078,536.135437,526.969788,4340900,528.414368
530.013367,535.33844,529.022095,3216000,534.486633
534.406921,538.362061,532.19519,3082800,532.932434
533.923706,540.44928,527.542664,4437100,540.349609
538.367065,543.956116,537.525208,3343800,541.081909
542.117981,548.528992,541.968567,6547600,548.255005
551.851501,555.81665,550.496582,3456000,555.467957
555.403198,555.53772,551.981018,1473800,553.844055
554.924988,557.410706,552.274963,2685500,556.643555
557.908813,558.048279,554.392029,3151100,557.111816
558.078186,558.157898,552.439331,2481300,552.658508
554.043335,558.406982,551.064453,2725900,558.262512
555.647278,556.788025,552.06073,3656400,554.481689
555.418152,556.379578,550.401978,3345800,550.436829
554.42688,557.340942,551.154114,3551800,556.573853
560.399475,567.717041,558.486633,5124300,567.303589
570.860291,571.517822,564.528992,4501700,568.484192
569.585083,569.973572,560.678467,4184500,563.009705
567.413208,567.413208,559.029602,4302900,562.979797
561.131714,571.313599,556.499084,4855800,559.39325
566.850281,573.350952,561.938721,4983700,572.553955
574.342224,575.343445,569.759399,3915000,572.165405
572.40448,576.802979,571.856567,3380300,575.951172
576.265015,578.147949,569.963623,5422800,573.116821
578.297424,579.82666,573.500366,3974500,579.677246
581.12677,581.764404,577.266235,3154500,580.334778
577.834106,579.074463,575.029663,3912700,577.883972
573.355896,574.621155,559.403198,7814000,559.81665
560.947449,561.146667,539.114258,8739800,548.558838
553.086914,560.773071,552.897583,4436900,559.408203
557.470459,558.780579,547.657227,4777500,551.39325
570.362122,574.09314,561.520264,10220800,565.575073
583.487915,591.054565,573.41571,11174200,588.279968
587.398315,588.653564,563.891418,9172400,564.598755
566.870239,575.343445,566.38208,5644800,566.954895
569.555176,573.236389,561.90387,4806800,569.465515
573.41571,577.913818,571.632385,3907600,577.814209
581.634888,586.750732,578.113098,5292000,586.521545
583.712097,588.99231,582.327271,3904800,584.274963
587.88147,593.709656,583.916321,4116900,592.867798
592.279968,592.778137,588.484192,3461800,591.129272
588.17041,597.709656,587.627441,3686400,597.709656
595.572632,599.946228,594.172913,4389700,599.154236
598.461792,604.17041,597.75946,4233500,603.179138
600.399536,602.352234,596.514099,4222900,598.92511
599.323608,601.191589,597.869019,3414300,599.806763
601.649841,602.676025,599.174133,3738500,599.6474
600.429443,607.801819,600.299927,3361100,603.991089
605.699707,609.963684,602.950012,2888100,607.722107
609.714661,612.145508,604.61377,3979100,607.806763
606.920105,609.829224,606.232666,2529400,607.328613
607.891479,609.809265,600.857849,4644500,605.555237
601.121826,601.664795,593.844116,4225300,599.099426
605.231445,605.729553,602.491699,2946300,605.186584
605.256348,609.256348,603.443176,2479700,606.855347
608.857849,610.785645,607.024719,2545600,607.527832
611.109436,611.204041,603.458069,3041500,605.126831
605.575134,606.546509,599.796814,2438200,603.522827
604.618713,604.8927,596.085754,3438800,597.754456
595.966187,601.6698,589.883972,3943200,601.395813
601.719604,602.989868,590.167908,4708600,592.309875
588.788086,593.211487,584.075745,4604900,584.210266
587.423218,596.299927,586.855347,4340300,593.824219
595.104431,603.50293,594.302429,3643500,603.368408
603.63739,603.732056,594.974915,3237800,597.385864
597.734558,602.546509,595.44812,3381900,596.344727
600.902649,602.556458,589.017212,6441000,589.311096
589.883972,590.237671,570.835388,6096800,576.802979
580.822937,582.735779,571.358398,4838400,577.196533
578.835388,583.597534,563.637329,5179200,563.87146
566.444824,566.444824,551.406128,13100,556.930969
559.663452,564.87915,557.140381,41200,558.456787
565.337891,565.447571,555.405151,10800,555.445007
557.180237,566.893616,557.180237,7900,565.607117
598.347229,603.174011,560.650757,147100,565.447571
568.289734,585.672058,562.585449,5099100,568.180054
573.076599,576.188049,541.513306,6369300,541.652893
539.25946,546.978271,525.706665,4401600,536.676575
541.11438,553.480408,540.127075,3151200,553.380676
558.087769,563.822021,551.436035,3330800,562.595398
563.453064,563.453064,538.421753,4036800,539.468872
531.091858,538.521484,525.088379,3924800,529.147217
536.776306,542.610291,528.110046,2575000,531.061951
535.35022,536.975708,517.040466,3855000,534.971252
541.513306,555.474915,538.521484,4893200,555.016174
547.307373,547.995483,529.69574,6809500,534.632141
534.632141,535.23053,524.160889,2566700,527.172668
527.192566,535.759094,526.065674,2365300,533.345703
532.328491,532.408264,524.809143,2052300,525.497253
528.618652,530.194336,520.69043,1883100,523.722107
521.079407,523.263367,514.008789,2100300,514.766724
515.763977,517.180054,501.42334,3335500,515.73407
515.484741,528.010376,514.906311,2699000,526.255188
526.155457,526.554321,521.089355,1751100,525.218018
525.666809,531.470825,522.445618,1905500,529.895203
532.298584,532.537903,524.170898,1688500,526.484558
523.383057,527.451904,519.892639,1024100,526.364868
523.791931,525.367615,513.64978,1689000,513.729553
514.377747,515.26532,501.921967,3224300,508.563751
507.067841,515.813843,505.063354,2021300,509.600891
509.351563,518.476501,502.819519,2439400,517.309753
522.07666,528.738342,517.588989,1912500,528.469116
529.436462,534.602234,528.060181,1653400,531.630432
531.540649,531.540649,523.851746,1191700,525.208069
524.26062,524.430176,516.003296,1704300,518.556274
519.962463,520.371338,514.028748,1485200,519.204529
518.2771,528.329468,516.165894,1277700,527.411987
528.289551,534.761841,524.859009,1784700,528.319519
531.440918,537.706726,530.453613,1196200,537.464417
539.648376,546.100708,539.299377,1615800,543.567627
545.761597,552.124146,542.211365,1932100,551.186707
554.477661,564.450317,552.832214,2104100,564.400452
563.024231,566.285278,559.463989,1652000,560.142151
561.807556,562.45575,557.180237,1354100,558.546509
559.264526,559.813049,554.387939,1771100,558.357056
559.164795,559.364258,544.235779,1435000,552.41333
549.481384,550.827698,541.064514,1866600,543.447937
540.017395,547.10791,537.274902,1816400,543.168701
544.903992,553.430542,542.95929,1689100,552.383423
556.532043,556.532043,547.427063,1736700,554.806763
555.624512,561.358765,554.517578,1467500,560.580933
558.975342,562.056885,556.372498,1351700,559.015198
556.472229,558.347046,553.500366,1100100,557.309875
555.774109,556.462219,546.958313,1458400,549.840393
550.747925,550.787842,544.066284,1220500,550.249268
547.756165,548.115173,540.037354,1702500,542.789795
542.709961,543.826904,537.853333,1444500,541.523254
543.368164,552.044373,542.510559,1741700,551.854858
552.722473,553.480408,547.008179,2456800,553.380676
555.325378,556.053345,548.88501,4508300,554.83667
553.630005,563.453064,552.732483,1536800,563.403198
563.642517,571.078125,559.473938,2207100,563.074097
563.712341,578.37207,563.672424,1969300,577.065674
579.409241,580.855286,570.284302,1741900,574.422913
575.59967,578.282349,572.228943,2236900,575.659546
577.075623,577.983154,573.176331,1313700,573.704895
576.736572,582.799927,575.071167,1447900,581.074646
581.752808,583.837097,578.800903,1056300,580.740601
581.752808,583.408264,579.329468,714100,583.129028
582.161682,584.824341,578.003113,1064600,580.655823
576.078369,577.941284,564.584961,1909500,569.526367
570.015015,575.14093,567.817078,1116700,574.502686
564.360535,575.011292,563.463013,1356700,569.536316
570.344116,579.259644,569.855469,1621700,577.594238
581.004822,583.607727,576.447388,1854000,583.268616
584.13623,584.20105,574.981384,1623000,583.178894
586.390076,586.78894,580.605957,1397100,581.064697
577.943237,579.399231,567.053162,3016500,572.159119
591.376404,595.165955,580.406494,4014100,593.450684
590.129822,592.772522,583.630615,2062100,587.856018
589.1026,598.008179,588.982971,1699100,593.111633
591.605774,596.213074,590.877747,1233100,594.348206
594.816956,597.858582,590.149719,1035100,591.725403
588.783508,590.239502,585.422729,932400,587.407288
586.4599,590.877747,583.151978,986800,588.982971
587.138,588.085388,581.917358,1349800,584.006592
584.944031,587.885986,582.401001,1016400,585.811646
579.010315,582.052002,568.439331,2102700,570.034973
568.838257,574.383057,561.308899,1955200,564.520081
567.481995,573.774719,562.555481,1427300,571.58075
568.489197,570.41394,561.06958,1551200,563.522827
560.241882,569.137451,558.466736,1334300,564.823303
566.444824,568.329651,559.563721,1110900,561.817505
562.016968,568.68866,558.815796,1494700,567.212708
568.429382,568.927979,564.450317,1214700,566.325134
562.974365,564.350586,559.344299,1542000,561.18927
565.756714,573.425659,564.200989,1439200,573.206238
574.602417,576.317749,569.316956,985400,573.076599
576.277832,577.79364,568.957947,1519100,571.909851
574.532593,582.909607,574.422913,1284100,580.56604
583.398254,585.731873,582.401001,978600,585.253174
584.275879,585.093628,580.974915,1036700,582.889648
582.221497,582.899658,579.548828,914800,581.772766
581.992126,583.633606,579.050232,789000,580.964966
583.119019,583.398254,577.414734,1361400,578.61145
579.668518,580.207031,575.001343,1639600,576.277832
575.689453,576.906128,568.542053,1703300,569.436584
568.000549,571.680481,565.547302,1292900,567.641541
569.765686,570.473755,565.516357,1083700,570.034973
570.284302,576.247925,569.626099,1578400,575.749268
578.411987,581.393799,573.425659,1215100,576.357605
578.411987,584.395569,577.634094,1458100,580.386536
582.381042,584.944031,580.356628,1632300,584.475342
584.993896,590.149719,584.694702,1431000,588.105347
587.287598,587.387329,578.411987,1287200,579.419189
579.907837,581.902405,575.360352,977300,581.503479
578.770996,580.217041,574.68219,1221000,579.758301
579.409241,580.047485,572.887146,1601600,574.043945
571.371277,573.375793,566.654236,1597500,571.530884
571.191772,579.907837,571.092041,1480300,578.362122
578.421936,585.911377,577.190308,1692800,583.168884
585.392822,587.925842,583.398254,1444500,587.656616
589.880493,594.846863,587.885986,3736600,594.447937
592.194153,592.322754,581.862488,1689500,585.76178
585.243225,585.243225,579.409241,1471400,579.538879
579.867981,588.015625,578.930542,1728100,586.380066
585.941284,586.370117,572.60791,1925900,573.485474
574.482788,577.664001,573.086609,1443600,575.519897
570.18457,576.606934,569.60614,1282400,574.781921
575.350403,578.26239,571.281555,1621700,575.779175
574.432922,575.998596,565.45752,1445400,566.714111
565.756714,570.344116,561.777649,1178400,568.519104
571.481018,575.644592,570.932495,1141700,573.704895
577.215271,579.409241,572.867188,1214600,575.769226
572.827332,573.694946,562.196472,1911300,562.196472
564.021484,572.308716,555.963623,1990800,570.932495
569.616089,569.925293,557.529297,2524800,559.344299
556.192993,563.582703,542.560425,3081900,542.999207
543.497803,547.995483,531.640381,2581600,531.750061
537.4245,545.691833,531.710205,2222500,536.467102
529.556091,531.341187,516.88092,3719300,528.578796
517.578979,527.980408,513.589966,3708500,523.073914
525.806396,529.526184,507.137665,5539300,509.770416
508.055145,520.331421,506.708832,2607500,519.41394
523.752014,525.347656,517.68866,2336200,525.098328
528.439148,538.322021,527.352173,2919200,531.251465
537.843323,545.721741,534.382874,2348800,542.490601
542.869568,543.388123,534.322998,1973100,538.302063
535.559631,542.919434,535.559631,1185300,539.289368
541.513306,547.476929,540.137024,1270900,547.397095
548.49408,552.672607,545.482361,1770500,547.825928
547.44696,551.286438,542.021851,1455600,548.803284
557.818481,558.037903,553.231079,2035000,557.549255
553.979065,556.372498,551.715271,1382200,553.699829
551.485901,553.979065,547.796021,1244200,552.592834
555.275513,555.275513,542.560425,2032200,544.425293
544.006409,545.387634,539.488831,1333200,540.555908
544.714478,544.714478,537.195129,1633700,539.528748
539.977478,548.085205,539.538696,1134600,545.990967
546.98822,550.428772,544.80426,965500,548.783325
548.883057,548.95282,543.677307,1129600,545.811462
548.294678,548.294678,541.991943,1339300,543.88678
545.183228,545.183228,540.665588,1289500,542.909424
542.091675,542.301086,532.598755,1726000,535.041016
536.02832,540.456177,532.707458,1962600,533.565125
533.535156,536.766296,528.628662,1392200,535.519714
529.795471,533.644897,529.625916,1563300,533.365662
540.127075,540.65564,535.090881,2224200,536.02832
536.177917,541.214111,534.153503,1706300,537.793518
537.524231,542.490601,537.127319,1789900,539.598511
539.399109,540.067261,535.571594,1522900,538.890503
539.139771,540.515991,535.130798,1148300,540.346497
537.4245,539.927612,530.403748,2115300,532.33844
532.049255,534.033813,528.349426,1526600,532.288574
529.984924,534.528442,527.810913,1277900,529.865234
529.705688,535.868774,527.1427,1392100,535.838867
529.546143,531.430969,522.844543,2565600,523.821838
525.686707,529.546143,522.355896,2329300,525.537109
520.710388,532.727417,519.07489,1871300,531.909668
531.620422,534.861511,524.121033,1712200,524.619629
526.354919,532.45813,525.656799,1610800,526.893433
522.07666,527.052979,517.239929,1994500,517.239929
521.308777,521.667786,511.864685,2813400,512.39325
510.159363,511.645264,487.661133,3964200,494.03363
495.639221,505.611847,495.449738,2883100,503.507629
511.545563,512.463013,503.318146,2926700,509.700623
510.109497,516.30249,505.523071,3690200,514.936218
514.666992,525.018555,514.666992,2723700,523.432922
525.557068,533.096375,524.848999,2197600,529.137268
529.057495,530.30304,525.577026,705900,527.322266
527.322266,532.787231,525.866211,1040500,532.56781
530.732849,534.013855,528.559814,2278500,528.877991
526.644104,529.69574,525.686707,876200,528.967712
529.795471,531.141724,524.360352,1368200,524.95874
527.561584,529.815369,522.665039,1447500,523.373108
521.827332,522.894409,511.655243,2059800,512.463013
513.589966,514.761719,499.678131,2899900,500.585632
505.611847,505.855164,498.281952,2065000,499.727997
496.626526,502.101471,489.65564,3353500,501.30368
503.377991,503.537537,493.435272,2071300,494.811493
493.584869,494.618011,486.225067,2326700,491.201416
497.474182,501.602844,491.04184,2370400,494.821472
493.295654,501.852173,491.650177,2215500,499.498627
504.18576,504.295471,496.397156,2715800,500.416107
498.640991,506.798584,498.631012,2298200,506.688873
509.600891,511.096771,504.630524,2232000,505.512115
505.861145,517.858215,504.814026,2268700,516.621643
520.052185,534.861511,518.2771,2676900,532.926819
534.123535,540.685547,531.540649,2281700,538.471619
537.055542,537.524231,528.219788,1543700,533.744629
528.518921,529.246948,516.771179,1904000,517.210022
521.348633,521.558044,508.603638,1683800,508.603638
509.600891,509.690643,499.827728,4186300,509.26181
514.447571,538.391846,514.108521,5606300,533.056519
530.274109,531.540649,517.130249,2849800,527.03302
526.554321,531.939575,521.827332,2038600,527.790955
527.790955,531.213562,519.842773,1663600,521.328674
522.355896,527.052979,520.660522,1849700,526.135498
526.195313,535.729126,524.968689,1763500,529.546143
526.554321,530.543396,524.579773,1267700,526.384827
527.850769,536.227783,525.477295,1749800,535.469849
533.834351,536.975708,531.917603,1377700,534.502502
535.778992,543.328308,533.209045,1620200,541.443481
541.862305,548.404358,541.642944,1900300,547.506836
545.332764,548.49408,539.608521,1616800,541.353699
539.917664,543.99646,536.03833,1453000,538.22229
536.566833,541.622986,536.536926,989100,541.383606
541.642944,542.26123,534.333008,1444300,537.474365
534.582275,534.970215,527.96051,1457800,530.453613
528.548889,535.320251,526.80365,1005000,534.622192
534.432739,544.724487,533.978943,1825900,542.38092
541.722717,554.61731,540.017395,2311500,553.959106
552.722473,563.163818,551.386169,2410100,556.871094
558.9953,570.583435,557.220154,2129600,569.775696
568.888123,573.814575,564.968872,1704700,572.069397
570.30426,575.529907,566.454773,1876800,571.80011
573.445618,576.327698,571.840027,1389600,573.754761
573.305969,575.101074,565.208191,1659100,566.130676
565.307922,568.708618,561.992065,1062100,567.29248
562.705078,563.303467,553.211182,1792300,553.490417
553.620056,556.611816,549.172241,1820700,549.670898
551.994507,554.84668,548.95282,1389600,553.989014
551.984497,556.871094,542.729919,1703500,545.821472
549.441528,555.325378,544.505066,1640900,552.99176
550.199402,552.283691,546.499573,1805500,549.331787
550.987244,558.247314,545.502319,2134500,557.968079
557.858398,559.264526,554.622314,1197200,556.462219
560.112183,560.182007,557.519348,2616800,558.825745
558.895569,560.820251,554.308167,1643800,557.279968
561.019714,573.016785,559.673401,2583200,568.628845
568.937988,570.693176,557.210205,2152200,557.255066
556.063354,557.369751,549.142334,1572600,553.649963
551.485901,553.759644,546.629211,1897400,546.838684
550.10968,551.95459,546.669128,1287500,550.518555
548.49408,553.191223,545.223083,1588000,546.499573
547.097961,549.630981,538.022888,1963000,541.074463
539.369141,539.369141,532.385315,1716300,534.063721
530.762817,536.935852,528.120056,1324400,535.295349
536.60675,541.204102,534.532471,1302800,535.549622
536.905945,542.360962,536.905945,1178500,540.127075
539.548645,540.466125,534.023865,1557800,539.299377
540.805237,540.805237,535.838867,1409400,538.531433
536.935852,542.570374,535.838867,1645300,537.693787
534.781738,536.098145,526.646118,2604100,528.937805
527.252441,533.26593,521.787415,2318800,531.07196
528.449158,534.123535,528.159912,1299800,532.33844
527.212524,528.389282,519.583496,2151800,522.615173
524.160889,534.622192,523.063904,1679200,533.914124
536.03833,537.913147,532.213806,1844700,532.507996
532.936829,539.598511,530.294067,1593500,537.888245
539.518738,549.451477,538.750854,4184800,545.502319
564.550049,569.576233,555.724243,4932500,563.512878
563.390015,565.950012,553.200012,2398000,555.369995
554.640015,556.02002,550.366028,1491000,553.679993
550.469971,553.679993,546.905029,1698800,549.080017
547.869995,548.590027,535.049988,2082200,537.340027
538.429993,539.539978,532.099976,1768200,537.900024
538.530029,544.070007,535.059998,1308000,540.780029
538.210022,539.73999,530.390991,1383100,530.799988
531.23999,532.380005,521.085022,1567000,524.219971
523.98999,533.460022,521.75,1546300,530.700012
536.650024,541.150024,525,1527600,538.219971
538.369995,541.97998,535.400024,905300,535.700012
531.599976,533.208984,525.26001,1634200,529.039978
530.559998,534.322021,528.655029,1252300,529.619995
533.77002,539,532.409973,1403900,538.400024
539.179993,539.273987,530.380005,1971300,533.849976
532.01001,534.820007,528.849976,2003400,532.299988
533.97998,540.659973,533.039978,1966900,537.359985
538.48999,542.919983,532.971985,1430800,539.27002
537.950012,543.840027,535.97998,1462700,542.51001
540.150024,544.190002,539.51001,1176200,540.109985
538.119995,539,529.880005,2406500,532.320007
532.799988,540.549988,531.710022,1525000,539.789978
538.01001,540.609985,536.25,1029800,539.780029
537.369995,538.630005,531.450012,2597400,532.109985
536.789978,536.789978,529.76001,1904300,533.98999
532.929993,543,531.330017,1939000,539.179993
539.909973,543.5,537.109985,1714500,540.309998
537.76001,540.590027,534.320007,1348300,536.700012
536.349976,537.200012,532.52002,1388200,533.330017
533.309998,534.119995,526.23999,1520600,526.830017
527.559998,529.200012,523.01001,1455300,526.690002
529.359985,538.359985,529.349976,1815000,536.690002
538.424988,538.97998,533.02002,1217500,534.609985
531.599976,533.119995,530.159973,955800,532.330017
528,528.299988,524,1632700,527.200012
528.400024,529.640015,525.559998,1071800,528.150024
529.369995,530.97998,525.099976,1294200,529.26001
531,538.150024,530.789978,1833100,536.72998
537.210022,538.25,533.01001,1893500,536.690002
539.590027,543.73999,537.530029,1250300,538.190002
539.640015,541.499023,535.25,1197500,540.47998
540,540,535.659973,1286600,537.840027
538.869995,540.900024,535.22998,1335700,535.22998
537.26001,537.76001,531.349976,2109100,531.690002
525.01001,528.609985,520.539978,1937800,521.52002
526.02002,526.25,520.5,2217200,520.51001
524.72998,525.690002,518.22998,1961000,521.840027
521.080017,524.650024,521.080017,1235900,523.400024
519.5,525.25,519,1280500,522.859985
523.130005,526.179993,515.179993,1597200,525.02002
521.049988,522.734009,516.109985,1296700,516.830017
523.119995,523.77002,520.349976,1839400,520.679993
526.289978,532.559998,525.549988,1956700,530.130005
532.880005,547.109985,532.400024,2206500,546.549988
546.76001,565.848999,546.710022,3244100,561.099976
560.130005,566.502991,556.789978,1784600,560.219971
565.119995,580.679993,565,4768300,579.849976
649,674.468018,645,11164900,672.929993
659.23999,668.880005,653.01001,5860900,663.02002
655.210022,673,654.299988,3377200,662.299988
660.890015,678.640015,659,3929300,662.099976
661.27002,663.630005,641,3029100,644.280029
647,648.169983,622.52002,3625700,623.559998
621,634.299988,620.5,2675400,627.26001
632.830017,632.830017,623.309998,1727300,628
628.799988,633.359985,622.650024,1575100,631.929993
630,635.219971,622.049988,1474200,632.590027
631.380005,632.909973,625.5,1706100,625.609985
625.340027,633.05603,625.340027,1304500,631.210022
628.419983,634.809998,627.159973,1490900,629.25
634.330017,647.859985,633.159973,2334300,643.780029
645,645.379028,632.25,1572600,642.679993
640.22998,642.679993,629.710022,1403900,635.299988
639.47998,643.440002,631.249023,1809200,633.72998
669.200012,674.900024,654.27002,5029200,660.780029
663.080017,665,652.289978,2936700,659.559998
659.322021,664.5,651.661011,1810700,656.450012
655.01001,659.85498,652.659973,1072100,657.119995
656.799988,661.380005,651.23999,1051700,660.869995
661.900024,664,653.460022,1456100,656.130005
656.599976,667,654.190002,2131600,660.900024
655.460022,662.98999,642.900024,2855300,646.830017
639.780029,640.049988,612.330017,4265200,612.47998
573,599.330017,565.049988,5770300,589.609985
614.909973,617.450012,581.109985,3538000,582.059998
610.349976,631.710022,599.049988,4235900,628.619995
639.400024,643.590027,622,3491300,637.609985
632.820007,636.880005,624.559998,1978700,630.380005
627.539978,635.799988,617.679993,2176700,618.25
602.359985,612.859985,594.099976,3702100,597.789978
605.590027,614.340027,599.710022,2575600,614.340027
617,619.710022,602.820984,1759600,606.25
600,603.469971,595.25,2089000,600.700012
612.48999,616.309998,604.119995,2279500,614.659973
621.219971,626.52002,609.599976,1702100,612.719971
613.099976,624.159973,611.429993,1905300,621.349976
619.75,625.780029,617.419983,1373500,625.77002
625.700012,625.859985,619.429993,1702300,623.23999
626.700012,638.700012,623.780029,2084400,635.140015
635.469971,637.950012,632.320007,1286500,635.97998
637.789978,650.900024,635.02002,2274700,642.900024
636.789978,640,627.02002,5133400,629.25
634.400024,636.48999,625.940002,1788500,635.440002
627,627.549988,615.429993,2562900,622.690002
622.049988,628.929993,620,1470900,622.359985
616.640015,627.320007,612.400024,2240100,625.799988
629.77002,629.77002,611,2174000,611.969971
610.340027,614.60498,589.380005,3127700,594.890015
597.280029,605,590.219971,2309500,594.969971
603.280029,608.76001,600.72998,2413400,608.419983
608.369995,612.090027,599.849976,1867600,611.289978
607.200012,627.340027,603.130005,2684800,626.909973
632,643.01001,627,1803600,641.469971
638.840027,649.25,636.530029,2166300,645.440002
649.23999,650.609009,632.150024,2092700,642.359985
641.359985,644.450012,625.559998,2182100,639.159973
640,645.98999,635.317993,1648700,643.609985
642.090027,648.5,639.01001,1275200,646.669983
643.150024,657.812012,643.150024,1807700,652.299988
653.210022,659.390015,648.849976,1415500,651.159973
654.659973,663.130005,654.460022,1885700,661.73999
664.109985,664.969971,657.200012,1611100,662.200012
661.179993,666.820007,659.580017,1477300,666.099976
664.039978,664.719971,644.195007,2490000,650.280029
654.150024,655.869995,641.72998,1791100,642.609985
646.700012,657.799988,644.01001,4071000,651.789978
727.5,730,701.5,6653900,702
701.549988,719.150024,701.26001,2716600,712.780029
707.380005,713.619995,704.549988,2245800,708.48999
707.330017,712.97998,703.080017,2178900,712.950012
710.5,718.26001,710.01001,1456000,716.919983
715.72998,718,710.049988,1908800,710.809998
711.059998,721.619995,705.849976,1886300,721.109985
718.859985,724.650024,714.719971,1565400,722.159973
722,733.099976,721.900024,1706700,728.109985
729.469971,739.47998,729.469971,1861600,731.25
731.5,735.409973,727.01001,1511600,733.76001
730.200012,734.710022,719.429993,2069800,724.890015
724.400024,730.590027,718.5,1608000,728.320007
732.460022,741,730.22998,1366400,735.400024
731,737.799988,728.64502,1837200,731.22998
729.169983,731.150024,716.72998,2075500,717
715.599976,729.48999,711.330017,1905900,728.960022
729.289978,731.844971,723.026978,1510900,725.299988
727.580017,741.409973,727,1684300,740
738.73999,742,737.429993,1327100,738.409973
746.530029,757.919983,743,2212300,756.599976
757.450012,762.708008,751.820007,1414500,755.97998
752,755.278992,737.630005,2333100,748.280029
748.140015,752,746.059998,1122100,748.150024
748.460022,753.409973,747.48999,838500,750.26001
748.809998,754.929993,741.27002,2097600,742.599976
747.109985,768.950012,746.700012,2134600,767.039978
768.900024,775.955017,758.960022,2230400,762.380005
766.01001,768.994995,745.630005,2590600,752.539978
753.099976,768.48999,750,2757300,766.809998
767.77002,768.72998,755.090027,1812300,763.25
757.890015,764.799988,754.200012,1829500,762.369995
759.169983,764.22998,737.000977,2700000,751.609985
752.849976,755.849976,743.830017,1984900,749.460022
741.159973,745.710022,736.75,2224400,738.869995
741.789978,748.72998,724.169983,2412500,747.77002
753,758.080017,743.01001,2666200,743.400024
750,760.590027,739.434998,1993300,758.090027
762.419983,762.679993,749,1553400,749.429993
746.51001,754.130005,738.150024,3148700,739.309998
746.130005,750,740,1525700,747.77002
751.650024,754.849976,745.530029,1365400,750
753.469971,754.210022,744,1565900,750.309998
749.549988,751.349976,746.619995,527200,748.400024
752.919983,762.98999,749.52002,1515300,762.51001
766.690002,779.97998,766.429993,1765000,776.599976
776.599976,777.599976,766.900024,1293300,771
769.5,769.5,758.340027,1489600,758.880005
743,744.059998,731.257996,3272800,741.840027
746.450012,752,738.640015,1950700,742.580017
730,747.179993,728.919983,1947000,743.619995
730.309998,738.5,719.059998,2963700,726.390015
731.450012,733.22998,713,2450900,714.469971
716.609985,718.85498,703.539978,2090600,716.030029
721.679993,728.75,717.317017,2024500,726.070007
730.849976,734.73999,698.609985,2501700,700.559998
705.380005,721.924988,689.099976,2225800,714.719971
692.289978,706.73999,685.369995,3592400,694.450012
703.299988,709.97998,693.409973,2268100,701.789978
688.609985,706.849976,673.26001,3445000,698.450012
702.179993,719.190002,694.460022,2412200,706.590027
723.599976,728.130005,720.120972,2011800,725.25
723.580017,729.679993,710.01001,1711700,711.669983
713.849976,718.280029,706.47998,1331700,713.039978
713.669983,718.234985,694.390015,2194200,699.98999
722.219971,733.690002,712.349976,2676400,730.960022
731.530029,744.98999,726.799988,3474300,742.950012
750.460022,757.859985,743.27002,5139200,752
784.5,789.869995,764.650024,6348100,764.650024
770.219971,774.5,720.5,6171000,726.950012
722.809998,727,701.859985,5168700,708.01001
703.869995,703.98999,680.150024,5105700,683.570007
667.849976,684.030029,663.059998,4247400,682.73999
672.320007,699.900024,668.77002,3608900,678.109985
686.859985,701.309998,682.130005,2638000,684.119995
675,689.349976,668.867981,3024000,683.109985
690.26001,693.75,678.599976,2141400,682.400024
692.97998,698,685.049988,2520000,691
698.090027,709.75,691.380005,2492600,708.400024
710,712.349976,696.030029,1883200,697.349976
695.030029,703.080994,694.049988,1589300,700.909973
707.450012,713.23999,702.51001,1949800,706.460022
701.450012,708.400024,693.580017,2009300,695.849976
688.919983,700,680.780029,1963600,699.559998
700.01001,705.97998,690.585022,1642200,705.75
708.580017,713.429993,700.859985,2243500,705.070007
700.320007,710.890015,697.679993,2481100,697.77002
703.619995,718.809998,699.77002,2151400,718.809998
719,720,712,1629000,718.849976
718.679993,719.450012,706.02002,1958000,712.419983
714.98999,716.48999,706.02002,1972100,710.890015
706.900024,708.091003,686.900024,2985100,695.159973
688.590027,703.789978,685.340027,2076300,693.969971
698.469971,705.679993,694,1421500,705.23999
708.119995,716.440002,703.359985,2833500,712.820007
720,726.919983,717.125,1970800,726.820007
726.809998,735.5,725.150024,1718300,730.48999
726.919983,732.289978,724.77002,1721000,728.330017
726.369995,737.469971,724.51001,1624400,736.090027
736.450012,743.070007,736,1860800,737.780029
741.859985,742,731.830017,2980700,737.599976
736.5,742.5,733.515991,1836500,742.090027
737.460022,745,737.460022,1269700,740.75
742.359985,745.719971,736.150024,1432100,738.059998
732.01001,737.747009,731,1594900,735.299988
736.789978,738.98999,732.5,1301300,733.530029
734.590027,747.25,728.76001,1903800,744.77002
750.099976,757.880005,748.73999,1782400,750.530029
749.25,750.849976,740.940002,1718800,744.950012
738.599976,750.340027,737,1576700,749.909973
750.059998,752.799988,742.429993,1134200,745.289978
738,742.799988,735.369995,1132300,737.799988
735.77002,746.23999,735.559998,1053700,745.690002
745.369995,747,736.280029,1453200,740.280029
743.969971,745.450012,735.549988,1290800,739.150024
743.02002,745,736.049988,1220100,736.099976
738,743.830017,731.01001,1353000,743.090027
749.159973,754.380005,744.260986,1707100,751.719971
754.01001,757.309998,752.705017,1135300,753.200012
753.97998,761,752.69397,1809300,759
760.460022,768.049988,757.299988,1556000,766.609985
769.51001,769.900024,749.330017,2030500,753.929993
758,758.132019,750.01001,1529200,752.669983
755.380005,760.450012,749.549988,3060500,759.140015
726.299988,736.119995,713.609985,5951900,718.77002
716.099976,723.929993,715.590027,1959200,723.150024
725.419983,725.765991,703.026001,2744600,708.140015
707.289978,708.97998,692.36499,3098600,705.840027
708.26001,714.169983,689.549988,2867300,691.02002
690.700012,697.619995,689,2487700,693.01001
697.630005,700.640015,691,1645300,698.210022
696.869995,697.840027,692,1543800,692.359985
690.48999,699.75,689.01001,1693500,695.700012
697.700012,702.320007,695.719971,1683500,701.429993
698.380005,711.859985,698.106995,1826100,711.119995
712,718.710022,710,1510300,712.900024
716.75,723.5,715.719971,1569600,723.179993
723.409973,724.47998,712.799988,1692100,715.289978
717.059998,719.25,709,1360700,713.309998
711.929993,716.661987,709.26001,1314500,710.830017
709.130005,718.47998,705.650024,1317100,716.48999
715.98999,721.52002,704.109985,2001200,706.22998
703.669983,711.599976,700.630005,1766800,706.630005
702.359985,706,696.799988,1670200,700.320007
701.619995,714.580017,700.52002,1828400,709.73999
706.530029,711.478027,704.179993,1330700,704.23999
706.859985,720.969971,706.859985,1929500,720.090027
720.76001,727.51001,719.705017,1629200,725.27002
722.869995,728.330017,720.280029,1576300,724.119995
724.01001,733.935974,724,1974000,732.659973
731.73999,739.72998,731.26001,2129500,735.719971
734.530029,737.210022,730.659973,1253600,734.150024
732.5,733.02002,724.169983,1341800,730.400024
729.27002,729.48999,720.559998,1226300,722.340027
724.909973,724.909973,714.609985,1565300,716.549988
719.840027,721.97998,716.549988,1336200,716.650024
723.960022,728.570007,720.580017,1583700,728.280029
722.869995,729.539978,722.335999,988900,728.580017
719.469971,725.890015,716.429993,1216400,719.409973
716.51001,725.440002,716.51001,1258900,718.359985
716.47998,722.469971,713.119995,1306100,718.27002
719,722.97998,717.309998,1214500,718.919983
714.909973,716.650024,703.26001,1982500,710.359985
708.650024,708.820007,688.452026,3402400,691.719971
698.77002,702.47998,693.409973,2082500,693.710022
698.400024,702.77002,692.01001,1465600,695.940002
699.059998,700.859985,693.08197,1184300,697.460022
697.450012,701.950012,687,2171400,701.869995
675.169983,689.400024,673.450012,4449000,675.219971
671,672.299988,663.283997,2629000,668.26001
678.969971,680.330017,673,2173800,680.039978
683,687.429016,681.409973,1932600,684.109985
685.469971,692.320007,683.650024,1597700,692.099976
692.200012,700.650024,692.130005,1344700,699.210022
696.059998,696.940002,688.880005,1462600,694.950012
689.97998,701.679993,689.090027,1411900,697.77002
698.080017,698.200012,688.215027,1304200,695.359985
699.5,705.710022,696.434998,1575200,705.630005
708.049988,716.51001,707.23999,1111800,715.090027
719.119995,722.940002,715.909973,1336900,720.640015
723.619995,724,716.849976,935900,716.97998
721.580017,722.210022,718.030029,950200,720.950012
725.72998,725.73999,719.054993,1279300,719.849976
722.710022,736.130005,721.190002,1295500,733.780029
729.890015,736.98999,729,1227500,736.960022
737.330017,742.130005,737.099976,1289700,741.190002
740.359985,741.690002,735.830994,1026300,738.630005
741.859985,743.23999,736.559998,1259800,742.73999
740.669983,742.609985,737.5,1032400,739.77002
739.039978,741.690002,734.27002,1186700,738.419983
738.280029,744.460022,737,1512500,741.77002
747.039978,748.650024,739.299988,3530200,745.909973
772.710022,778.549988,766.77002,3841500,768.789978
761.090027,780.429993,761.090027,2700500,772.880005
768.690002,775.840027,767.849976,1784500,771.070007
767.179993,773.210022,766.820007,1287400,773.179993
772.219971,774.070007,768.794983,1140300,771.609985
773.780029,783.039978,772.340027,1801200,782.219971
782,782.630005,778.091003,1107900,781.76001
781.099976,788.940002,780.570007,1318900,784.26001
783.75,786.812012,782.778015,786400,784.679993
785,789.75,782.969971,975100,784.849976
781.5,783.39502,780.400024,740500,783.219971
783.75,787.48999,780.109985,938200,782.440002
780.299988,780.97998,773.44397,1028000,777.140015
777.320007,780.809998,773.530029,924200,779.909973
780.01001,782.859985,777,719400,777.5
775,777.099976,773.130005,861500,775.419983
773.27002,774.539978,770.049988,951400,772.150024
775.47998,776.440002,771.784973,928200,772.080017
770.580017,774.5,767.070007,1072000,769.640015
767,771.890015,763.184998,926900,769.409973
769,776.080017,765.849976,1166700,769.539978
768.73999,774.98999,766.61499,847600,772.150024
769.330017,774.466003,766.840027,1130000,769.090027
767.01001,769.090027,765.380005,1248600,767.049988
769.25,771.02002,764.299988,925100,768.780029
773.01001,773.919983,768.409973,1072700,771.460022
773.450012,782,771,1442800,780.080017
780,782.72998,776.200012,893700,780.349976
778.590027,780.349976,773.580017,1270300,775.320007
770.099976,773.244995,759.659973,1885500,759.659973
755.130005,770.289978,754,1311000,769.02002
764.47998,766.219971,755.799988,1395000,759.690002
759.609985,767.679993,759.109985,1087400,762.48999
762.890015,773.799988,759.960022,1305100,771.76001
769.75,769.75,764.659973,2049300,768.880005
772.419983,774,764.440979,1172800,765.700012
769,773.330017,768.530029,978600,771.409973
772.659973,777.159973,768.301025,1167800,776.219971
780,789.849976,778.440002,1486200,787.210022
786.590027,788.929993,784.150024,1411900,786.900024
782.73999,782.73999,773.070007,1533200,774.210022
775.5,785.98999,774.307983,1153200,783.01001
777.849976,781.809998,774.969971,1109800,781.559998
781.440002,785.799988,774.231995,1314700,775.01001
776.330017,780.940002,774.090027,1585300,777.289978
774.25,776.065002,769.5,1278800,772.559998
776.030029,778.710022,772.890015,1201400,776.429993
779.309998,782.070007,775.650024,1461200,776.469971
779,780.47998,775.539978,1070700,776.859985
779.659973,779.659973,770.75,933200,775.080017
777.710022,789.380005,775.869995,1174900,785.940002
786.659973,792.280029,780.580017,1372500,783.070007
783.76001,788.130005,782.059998,937400,786.140015
781.219971,781.219971,773,1365300,778.190002
781.650024,783.950012,776,852500,778.530029
779.799988,785.849976,777.5,1093000,779.960022
787.849976,801.609985,785.565002,2056900,795.26001
798.23999,804.599976,798.030029,1766800,801.5
803.299988,803.969971,796.030029,1757500,796.969971
795,799.5,794,1266200,799.369995
804.900024,815.179993,804.820007,1697500,813.109985
816.679993,816.679993,805.140015,1576400,807.669983
806.340027,806.97998,796.320007,1647700,799.070007
801,803.48999,791.5,2749200,795.349976
808.349976,815.48999,793.590027,4269900,795.369995
795.469971,796.859985,784,2427300,784.539978
782.890015,789.48999,775.539978,2406400,783.609985
778.200012,781.650024,763.450012,1872400,768.700012
767.25,769.950012,759.030029,1943200,762.130005
750.659973,770.359985,750.560974,2134800,762.02002
774.5,785.190002,772.549988,1585100,782.52002
783.400024,795.632996,780.190002,1350800,790.51001
779.940002,791.22699,771.669983,2607100,785.309998
791.169983,791.169983,752.179993,4745200,762.559998
756.539978,760.780029,750.380005,2394000,754.02002
755.599976,757.849976,727.539978,3654400,736.080017
746.969971,764.416016,746.969971,2384000,758.48999
755.200012,766.359985,750.51001,1472600,764.47998
766.919983,772.700012,764.22998,1304000,771.22998
771.369995,775,760,1547100,760.539978
762.609985,769.700012,760.599976,1330600,769.200012
772.630005,776.960022,767,1593100,768.27002
767.72998,768.28302,755.25,1478400,760.98999
764.26001,765,760.52002,587400,761.679993
760,779.530029,759.799988,2188200,768.23999
771.530029,778.5,768.23999,1616600,770.840027
770.070007,772.98999,754.830017,2392900,758.039978
757.440002,759.849976,737.025024,3017900,747.919983
744.590027,754,743.099976,1452500,750.5
757.710022,763.900024,752.900024,1394200,762.52002
764.72998,768.830017,757.340027,1690700,759.109985
761,771.359985,755.799988,1761000,771.190002
772.47998,778.179993,767.22998,1488100,776.419983
780,789.429993,779.020996,1821900,789.289978
785.039978,791.25,784.35498,2104100,789.27002
793.900024,804.380005,793.340027,2145200,796.099976
797.400024,804,794.01001,1704200,797.070007
797.340027,803,792.919983,1626500,797.849976
800.400024,800.856018,790.289978,2443800,790.799988
790.219971,797.659973,786.27002,1232100,794.200012
796.76001,798.650024,793.27002,951000,796.419983
795.840027,796.676025,787.099976,1211300,794.559998
792.359985,793.320007,788.580017,972200,791.26001
790.900024,792.73999,787.280029,623400,789.909973
790.679993,797.859985,787.656982,789100,791.549988
793.700012,794.22998,783.200012,1153800,785.049988
783.330017,785.929993,778.919983,744300,782.789978
782.75,782.780029,770.409973,1770000,771.820007
778.809998,789.630005,775.799988,1657300,786.140015
788.359985,791.340027,783.159973,1073000,786.900024
786.080017,794.47998,785.02002,1335200,794.02002
795.26001,807.900024,792.203979,1640200,806.150024
806.400024,809.966003,802.830017,1274600,806.650024
807.859985,809.130005,803.51001,1176800,804.789978
805,808.150024,801.369995,1065900,807.909973
807.140015,807.390015,799.169983,1353100,806.359985
807.47998,811.223999,806.690002,1099200,807.880005
807.080017,807.140015,800.369995,1362100,804.609985
805.809998,806.205017,800.98999,1294400,806.070007
805.119995,809.47998,801.799988,919300,802.174988
806.909973,806.909973,801.690002,1670000,805.02002
807.25,820.869995,803.73999,1963600,819.309998
822.299988,825.900024,817.820984,1474000,823.869995
829.619995,835.77002,825.059998,1494500,835.669983
837.809998,838,827.01001,2973900,832.150024
834.710022,841.950012,820.440002,2965800,823.309998
814.659973,815.840027,799.799988,3246600,802.320007
796.859985,801.25,790.52002,2160600,796.789978
799.679993,801.190002,791.190002,2029700,795.695007
793.799988,802.700012,792,1532100,798.530029
802.98999,806,800.369995,1463400,801.48999
799.700012,801.669983,795.25,1184500,801.340027
803.98999,810.5,801.780029,1241200,806.969971
807,811.840027,803.190002,1155300,808.380005
809.51001,810.659973,804.539978,989700,809.559998
811.700012,815.25,809.780029,1135000,813.669983
816,820.958984,815.48999,1213300,819.23999
819,823,816,1054700,820.450012
819.359985,823,818.469971,1313600,818.97998
819.929993,824.400024,818.97998,1287600,824.159973
823.02002,828.070007,821.655029,1611000,828.070007
828.659973,833.450012,828.349976,1262300,831.659973
828.659973,833.25,828.640015,982900,830.76001
830.119995,832.460022,822.880005,1472800,831.330017
827.72998,829,824.200012,1392200,828.640015
824.549988,830.5,824,1101500,829.280029
825.609985,828.539978,820.200012,2260800,823.210022
828.849976,836.255005,827.26001,1496500,835.23999
833.849976,834.51001,829.640015,942500,830.630005
830.559998,831.359985,825.750977,896400,829.080017
826.950012,828.880005,822.400024,1109000,827.780029
827.400024,833.409973,826.52002,1037600,831.909973
833.51001,838.150024,831.789978,989800,835.369995
836,842,834.210022,1261500,838.679993
843.280029,844.909973,839.5,1704000,843.25
844,848.684998,843.25,1223600,845.539978
843.640015,847.23999,840.799988,779900,845.619995
847.590027,848.630005,840.77002,1381500,847.200012
849.030029,850.849976,846.130005,977600,848.780029
851.609985,853.400024,847.109985,1712300,852.119995
850.01001,850.219971,845.150024,1231500,848.400024
851.400024,853.5,829.02002,2463500,830.460022
831.909973,835.549988,827.179993,1401500,829.590027
821,822.570007,812.257019,3487100,817.580017
820.080017,821.929993,808.890015,1981000,814.429993
806.950012,821.630005,803.369995,1894300,819.51001
820.409973,825.98999,814.026978,1620500,820.919983
825,832.765015,822.380005,1786300,831.409973
833.5,833.679993,829,1055300,831.5
828.969971,831.640015,827.390015,1401900,829.559998
829.219971,840.849976,829.219971,1671500,838.549988
831.359985,835.179993,829.036011,1045400,834.570007
835.51001,842.450012,830.719971,1555300,831.409973
832.400024,836.390015,826.460022,1254400,827.880005
827.960022,828.484985,820.513,1057300,824.669983
825.390015,829.349976,823.77002,978900,824.72998
824.710022,827.427002,817.02002,1079700,823.349976
821.929993,826.659973,821.02002,900500,824.320007
822.140015,826.380005,821.440002,1122400,823.559998
825.01001,837.75,824.469971,895000,837.169983
834.219971,838.929993,832.710022,836700,836.820007
839.789978,842.219971,836.289978,954200,838.210022
841.440002,845.200012,839.320007,959000,841.650024
842.880005,843.880005,840.599976,1323600,843.190002
851.200012,863.450012,849.859985,1372500,862.76001
865,875,862.809998,1672000,872.299988
874.22998,876.049988,867.747986,1237200,871.72998
873.599976,875.400024,870.380005,2026800,874.25
910.659973,916.849976,905.77002,3276300,905.960022
901.940002,915.679993,901.450012,2116000,912.570007
909.619995,920.77002,909.453003,1587200,916.440002
914.859985,928.099976,912.54303,1499500,927.039978
926.070007,935.929993,924.590027,1422100,931.659973
933.539978,934.900024,925.200012,1911300,927.130005
926.119995,936.924988,925.26001,1329800,934.299988
936.950012,937.5,929.530029,1581800,932.169983
931.97998,932,925.159973,1173900,928.780029
925.320007,932.530029,923.030029,835000,930.599976
931.530029,933.440002,927.849976,1050600,932.219971
932.950012,938.25,929.340027,1108100,937.080017
940,943.109985,937.580017,969500,943
935.669983,939.333008,918.140015,2362100,919.619995
921,933.169983,918.75,1596900,930.23999
931.469971,937.755005,931,1393000,934.01001
935,941.882996,935,1120400,941.859985
947.919983,951.46698,942.575012,1270800,948.820007
952.97998,955.090027,949.5,1024800,954.960022
957.330017,972.629028,955.469971,1660500,969.539978
969.700012,974.97998,965.030029,1249600,971.469971
970.309998,976.200012,969.48999,1466700,975.880005
975.02002,979.27002,960.179993,2448100,964.859985
968.950012,971.5,960.01001,1410500,966.950012
969.460022,975.880005,966,1751000,975.599976
976.549988,986.909973,975.099976,1252100,983.679993
983.159973,988.25,975.140015,1814600,976.570007
980,983.97998,975.940002,1453900,980.940002
982.349976,984.570007,977.200012,1481900,983.409973
984.5,984.5,935.630005,3309400,949.830017
939.559998,949.35498,915.232971,3763500,942.900024
951.909973,959.97998,944.090027,2013300,953.400024
959.919983,961.150024,942.25,1489700,950.76001
933.969971,943.338989,924.440002,2133100,942.309998
940,942.039978,931.594971,3094700,939.780029
949.960022,959.98999,949.049988,1533300,957.369995
957.52002,961.619995,950.01001,1126000,950.630005
953.640015,960.099976,950.76001,1202200,959.450012
958.700012,960.719971,954.549988,941400,957.090027
956.830017,966,954.200012,1527900,965.590027
969.900024,973.309998,950.789978,1598400,952.27002
942.460022,948.289978,926.849976,2579900,927.330017
929,942.75,916,2721400,940.48999
929.919983,931.26001,910.619995,3299200,917.789978
926.049988,926.049988,908.309998,2065500,908.72998
912.179993,913.940002,894.789978,1709800,898.700012
901.76001,914.51001,898.5,1813900,911.710022
904.119995,914.94397,899.700012,1424500,906.690002
908.849976,921.539978,908.849976,1637800,918.590027
921.77002,930.380005,919.590027,1192800,928.799988
929.539978,931.429993,922,1113200,930.090027
938.679993,946.299988,934.469971,1532100,943.830017
946.289978,954.450012,943.01001,1294700,947.159973
952,956.909973,948.005005,1053800,955.98999
957,960.73999,949.241028,1165500,953.419983
953,968.039978,950.599976,1154000,965.400024
967.840027,973.039978,964.030029,1224500,970.890015
975,975.900024,961.51001,1624500,968.150024
962.25,973.22998,960.150024,1711000,972.919983
972.219971,986.200012,970.77002,3248300,980.340027
953.809998,959.700012,945.400024,4661000,950.700012
954.679993,955,942.278992,2088300,947.799988
951.780029,951.780029,920,3213000,934.090027
929.400024,943.830017,927.5,1846400,941.530029
941.890015,943.590027,926.039978,1970100,930.5
932.380005,937.447021,929.26001,1277700,930.830017
928.609985,932.599976,916.679993,1824400,930.390015
930.340027,932.23999,922.23999,1202500,923.650024
926.75,930.307007,923.030029,1036300,927.960022
929.059998,931.700012,926.5,1021000,929.359985
927.090027,935.814026,925.609985,1053700,926.789978
920.609985,925.97998,917.250122,1192081,922.900024
